,user_ID,user_name,valence,year,acousticness,artists,danceability,duration_ms,energy,explicit,id,instrumentalness,key,liveness,loudness,mode,name,popularity,release_date,speechiness,tempo
17493,1,Дмитрий Навой,0.8029999999999999,2009,0.0242,"['Jay Sean', 'Sean Paul', 'Lil Jon']",0.855,210307,0.6679999999999999,0,7yws3pF3FFguwT2Psi6c15,0.0,11,0.102,-4.892,1,Do You Remember,69,2009-01-01,0.0644,125.846
17732,1,Дмитрий Навой,0.273,2010,0.239,['Angus & Julia Stone'],0.762,239147,0.387,0,5Z1U0knfYnsfvZycgDeOiC,0.0075599999999999,10,0.13,-8.642999999999999,0,Big Jet Plane,64,2010-03-30,0.0277,109.959
50266,1,Дмитрий Навой,0.966,1985,0.0437,['John Mellencamp'],0.684,178427,0.92,0,1Xi2xGXEDGvliLRCM8eWyV,0.112,5,0.0986,-2.699,1,Rumbleseat,40,1985,0.0282,129.27700000000002
50803,1,Дмитрий Навой,0.5379999999999999,1988,0.466,"['Cherrelle', ""Alexander O'Neal""]",0.657,235227,0.443,0,62AFlxyhg001jdgPC7jM4Q,0.0,2,0.38,-12.598,0,Everything I Miss At Home,41,1988-01-01,0.0257,90.996
52028,1,Дмитрий Навой,0.961,1994,0.0474,['Bill Withers'],0.747,228507,0.638,0,2WVz9Mtp3E8HCblGiu3nCv,0.00138,11,0.0751,-12.028,0,Use Me,50,1994-08-09,0.0537,154.708
66552,1,Дмитрий Навой,0.963,1977,0.00853,['Bee Gees'],0.677,297925,0.884,0,53PwxPLdWS1tsNgoAfxTv4,0.00164,10,0.0382,-6.0420000000000025,0,Stayin’ Alive - Serban Mix,39,1977-11-15,0.0524,103.802
66694,1,Дмитрий Навой,0.8320000000000001,1978,0.308,"['Haruomi Hosono', 'イエロー・マジック・バンド']",0.718,286120,0.8390000000000001,0,2HDGtTkECiCygeSNYIH9RQ,0.134,0,0.33,-4.401,1,四面道歌 (2019 Remastering),36,1978,0.0333,145.102
67720,1,Дмитрий Навой,0.619,1983,0.0565,['MC5'],0.329,181760,0.8059999999999999,0,4l1Yx4GK7GU55Xtwl9we9U,0.21,1,0.355,-11.925,1,Kick out the Jams,40,1983,0.0596,142.625
67859,1,Дмитрий Навой,0.263,1984,0.000769,['Judas Priest'],0.45,246053,0.75,0,3gs2PO5BKRG9oVUDvi59b2,0.00161,9,0.611,-4.702,1,Some Heads Are Gonna Roll - Remastered,41,1984,0.0373,122.77
82035,1,Дмитрий Навой,0.489,1968,0.00652,['Free'],0.358,500627,0.53,0,4JkNSMKERJEZiIcNzsqqmQ,0.0463,7,0.13,-10.964,1,Goin' Down Slow,34,1968-03-14,0.0369,127.064
84920,1,Дмитрий Навой,0.757,1983,0.159,['R.E.M.'],0.505,235800,0.696,0,41G4mG7cRaCirgQ5PhsGh7,0.513,2,0.0941,-14.62,1,Catapult,30,1983-01-01,0.0772,145.889
85985,1,Дмитрий Навой,0.472,1988,0.0179,['Queensrÿche'],0.5489999999999999,274373,0.984,0,2O9U63xI18zLcqbAK2d2aD,2.46e-06,7,0.912,-3.221,0,Breaking The Silence - Remastered 2003,35,1988,0.0808,122.925
89997,1,Дмитрий Навой,0.294,2009,0.217,['Kelly Clarkson'],0.209,281560,0.872,0,7ceIquYtiTYlgSSm7PqUf9,0.0,9,0.0768,-2.9960000000000004,1,Already Gone,51,2009-03-09,0.0757,78.139
99515,1,Дмитрий Навой,0.503,1974,0.495,"['Earth, Wind & Fire']",0.57,290200,0.351,0,648aRlq5dm9qxElzmWoJ4y,0.000515,9,0.174,-12.855,0,Devotion,28,1974-03-25,0.0293,83.331
99731,1,Дмитрий Навой,0.962,1975,0.0101,['Fatback Band'],0.797,198600,0.759,0,30PBsUsRVY3TWazEk2Hv4y,0.00112,6,0.0901,-13.819,0,Yum Yum (Gimme Some),37,1975-01-01,0.0904,108.9
100004,1,Дмитрий Навой,0.342,1976,0.8740000000000001,['Judy Collins'],0.35,185267,0.186,0,1zBpuHWodpDufPON9nnxLY,0.0,10,0.19,-15.875,1,Bread and Roses,32,1976,0.0395,118.275
100355,1,Дмитрий Навой,0.105,1978,0.6859999999999999,['Paloma San Basilio'],0.236,316680,0.281,0,5h2nGfIt5fvcrnVzJDkltw,3.89e-06,1,0.138,-6.37,1,No llores por mí argentina,26,1978,0.034,81.502
100417,1,Дмитрий Навой,0.6940000000000001,1978,0.324,['Molly Hatchet'],0.455,215733,0.5870000000000001,0,0t0zY1AHNef3daH3aIdQ44,0.00165,2,0.144,-10.875,1,Cheatin' Woman,27,1978,0.0297,78.253
100621,1,Дмитрий Навой,0.691,1979,0.255,['KISS'],0.557,226333,0.833,0,4E5ombPeNdVQFgGFDb0Bhs,2.5e-06,4,0.11,-6.479,1,X-Ray Eyes,36,1979-03-23,0.0311,130.09799999999998
100751,1,Дмитрий Навой,0.329,1980,0.573,['Francis Cabrel'],0.388,186707,0.297,0,2mLFPvKfZ6LI9NaAtFDyUL,0.0,4,0.184,-11.057,1,L'encre de tes yeux - Remastered,53,1980,0.0335,73.87
100877,1,Дмитрий Навой,0.642,1981,0.0322,['Bernard Wright'],0.6809999999999999,331760,0.848,0,0tUYG0VaHjQDbdNQFawtDY,0.226,2,0.0439,-7.439,1,Spinnin',33,1981-07-17,0.051,111.564
101008,1,Дмитрий Навой,0.478,1981,9.43e-05,"['Def Leppard', 'Robert John ""Mutt"" Lange']",0.481,218752,0.96,0,4ZXe7VD6xqd7aKqFUsw87j,0.00262,2,0.0742,-6.505,1,Me And My Wine - 1984 Remix,29,1981-07-11,0.058,139.75799999999998
101258,1,Дмитрий Навой,0.72,1982,0.365,"['Hank Williams, Jr.']",0.7440000000000001,264600,0.755,0,37zHUCUIyPnH1gtLjkm1QN,0.0159,11,0.0706,-10.706,0,Kaw-Liga,25,1982,0.0481,105.169
101286,1,Дмитрий Навой,0.7140000000000001,1983,0.0871,['Laura Branigan'],0.623,215773,0.746,0,7pINzAxkKRg2RZlLxpx0GS,0.00226,10,0.4,-10.73,0,Imagination,40,1983-04-11,0.0454,94.585
124929,1,Дмитрий Навой,0.11,1926,0.993,"['Frédéric Chopin', 'Ignacy Jan Paderewski']",0.357,434440,0.124,0,4ouKbzIpPLwF2V2o9ZXS12,0.853,3,0.165,-18.75,0,"Polonaises, Op. 26: No. 2 in E-Flat Minor",0,1926,0.0586,79.862
124951,1,Дмитрий Навой,0.233,1926,0.989,"['Frédéric Chopin', 'Maryla Jonas']",0.369,97067,0.0495,0,5qpTRhTMIj6uVAv3lpd3RE,0.888,7,0.341,-25.827,0,"Mazurkas, Op. 67: No. 2 in G Minor (Cantabile)",0,1926,0.038,79.686
125005,1,Дмитрий Навой,0.73,1930,0.985,['Λαϊκή Ορχήστρα Μιχάλη Φελουζή'],0.403,179707,0.7859999999999999,0,56s5QMUpYYxzDR8LiNHOYQ,0.914,6,0.385,-9.505,1,Σούστα Αδροσίστου,0,1930-01-01,0.0802,124.758
149019,1,Дмитрий Навой,0.507,1987,0.114,['The Cars'],0.498,254840,0.87,0,5IqX9FzCJW3YfUP0Zr73jH,0.0288,11,0.227,-9.56,0,Double Trouble,29,1987,0.0315,96.087
149569,1,Дмитрий Навой,0.362,1989,0.286,['The Pointer Sisters'],0.83,231689,0.464,0,0woCEywARpK9rZvyaEDimi,5.45e-06,6,0.0549,-11.407,1,Slow Hand,33,1989-09-21,0.0375,110.804
152432,1,Дмитрий Навой,0.782,2004,0.261,['Paul Brandt'],0.643,269533,0.85,0,0p3VpDJz6wyj1Vu7BzT9lD,0.000121,5,0.618,-9.906,0,Convoy,48,2004-01-01,0.0947,111.097
70312,2,Pavel,0.7979999999999999,1996,0.512,['Kay Starr'],0.713,162427,0.258,0,2UA49yZYjwyhKqGH3hPIih,2.93e-05,7,0.253,-12.379,1,(Everybody's Waitin' For) The Man With The Bag - Remastered 1996,43,1996-01-01,0.067,141.44299999999996
27916,2,Pavel,0.8170000000000001,1966,0.968,"['Count Lasher', 'Lyn Taitt']",0.701,163560,0.517,0,0BALcq0CFzQeWZ1hStZDsF,0.0173,5,0.118,-8.366,1,Hooligans,35,1966-01-01,0.0542,86.99799999999998
147255,2,Pavel,0.5760000000000001,1978,0.279,['Firefall'],0.624,262427,0.7290000000000001,0,6OSsWmiGdlvrGssxpENQth,0.0,9,0.0425,-8.081,0,"Goodbye, I Love You",22,1978,0.0304,122.484
8062,2,Pavel,0.253,1962,0.971,['Nat King Cole'],0.376,120400,0.152,0,22hVlcdlfqmtOuEih4hZcH,9.87e-05,8,0.105,-18.377,1,Away In A Manger,47,1962,0.0326,34.765
9302,2,Pavel,0.246,1968,0.14,['Bee Gees'],0.259,198453,0.289,0,07PIhdmyYIw8dMeDMsx9FU,0.0,2,0.162,-10.491,1,Words,61,1968-02-01,0.0285,80.32600000000002
26983,2,Pavel,0.343,1962,0.631,"['Cannonball Adderley', 'Nancy Wilson', 'Sweet']",0.589,139200,0.184,0,2bOUrmH6OljKtXOLjvVEU8,0.0,0,0.0819,-12.282,1,Never Will I Marry,35,1962,0.049,98.365
147548,2,Pavel,0.267,1979,0.055,['The Raincoats'],0.374,231573,0.675,0,007mKIn7XPKaX4XtBDSOSP,0.0164,2,0.0732,-8.016,1,The Void,25,1979,0.0401,105.273
132730,2,Pavel,0.963,1979,0.0829,['The Specials'],0.573,199000,0.908,0,5V6j1MHADiDpNXEGX7fEIP,0.00309,0,0.0686,-6.7120000000000015,1,Concrete Jungle - 2002 Remaster,33,1979-11-01,0.0454,158.35
67813,2,Pavel,0.0355,1983,0.988,"['Richard Strauss', 'Jessye Norman', 'Gewandhausorchester Leipzig', 'Kurt Masur']",0.134,326200,0.0861,0,7mUR9hqvGLG5XicfVl7gTm,0.204,2,0.0761,-22.517,1,"Vier letzte Lieder, TrV 296: 2. September",32,1983-01-01,0.0441,153.035
10429,2,Pavel,0.318,1974,0.418,['Barry Manilow'],0.308,213333,0.464,0,6iXQrhhgBisdfvS34EMTZ3,2.49e-06,10,0.143,-9.032,1,Mandy,70,1974,0.0279,103.734
30652,2,Pavel,0.436,1980,0.107,['Pat Benatar'],0.583,205600,0.6409999999999999,0,1s0OQOEwJiCybX4adE63Tf,1.31e-06,2,0.0606,-9.39,0,Treat Me Right,42,1980-08-05,0.0334,135.013
8517,2,Pavel,0.7440000000000001,1964,0.366,['The Beatles'],0.612,131280,0.7190000000000001,0,70XHAdaMaoLIOVb1hSaeJ4,3.88e-06,2,0.4370000000000001,-7.026,1,Any Time At All - Remastered 2009,48,1964-07-10,0.0398,141.016
95461,2,Pavel,0.76,1953,0.528,['George Lewis'],0.51,353160,0.639,0,0tj3FmT7o4qVZ5ZbIaHhIZ,0.1639999999999999,0,0.2,-9.336,1,Ice Cream,0,1953-10-05,0.0454,124.092
132175,2,Pavel,0.915,1977,0.848,['Art Farmer'],0.561,531453,0.593,0,6RZ9lSor7Nfku3SrI8r4V5,0.853,5,0.0815,-12.329,0,Crawl Space,29,1977,0.0581,176.455
145959,2,Pavel,0.369,1971,0.954,['Elvis Presley'],0.333,198400,0.125,0,7qCcmEIIwgZ1hsx1eStmid,0.00487,0,0.176,-17.747,1,Who Am I?,25,1971-03-22,0.0321,89.095
120376,2,Pavel,0.0627,1997,0.971,['Joe Hisaishi'],0.226,128373,0.231,0,0KeqW4my39At2Ke1mVFYBF,0.958,4,0.11,-19.406,0,Princess Mononoke Theme Song,43,1997-07-02,0.0426,86.17299999999999
12469,2,Pavel,0.7190000000000001,1984,0.234,['Van Halen'],0.5,254200,0.8420000000000001,0,49KoX0qpXf3wHyP9nfUaqq,0.000127,2,0.194,-5.382999999999999,1,Drop Dead Legs - 2015 Remaster,58,1984-01-04,0.0434,89.10799999999998
16118,2,Pavel,0.8140000000000001,2002,0.132,['Mark Wills'],0.58,200467,0.816,0,0ElpjZyX8YBiXuYcDC1Ci9,0.0,4,0.0776,-5.165,1,19 Somethin' - Greatest Hits Version,59,2002-01-01,0.0726,89.93799999999996
132437,2,Pavel,0.655,1978,0.354,"['Willie Nelson', 'Johnny Paycheck']",0.589,189507,0.628,0,2IKMIrjKZpVATi4R2zQ0TJ,1.35e-06,2,0.785,-9.426,1,"Take This Job and Shove It - Live at Harrah's Casino, Lake Tahoe, NV - April 1978",24,1978-11-01,0.175,147.579
34729,2,Pavel,0.8320000000000001,2001,0.259,['City High'],0.733,175560,0.794,1,1tJkic0TURTCXw3rBhYgWu,0.0,7,0.483,-6.909,1,What Would You Do?,54,2001-01-01,0.223,95.877
16134,2,Pavel,0.862,2002,0.499,['Los Yaguarú'],0.7020000000000001,232493,0.544,0,0SPeRV2ZKS9SBgNg9MOHZe,0.0,8,0.0916,-5.981,1,Amor Sin Primavera,65,2002-01-01,0.0572,77.895
10922,2,Pavel,0.604,1976,0.398,['Raffi'],0.669,76693,0.386,0,68oEtRynOZG9E3yeTBWu3k,0.000257,2,0.267,-14.640999999999998,1,Mr. Sun,51,1976,0.0524,87.704
12240,2,Pavel,0.63,1983,0.00322,['ZZ Top'],0.63,241080,0.7879999999999999,0,0OBwxFLu6Yj61s2OagYbgY,0.0237,5,0.0883,-6.7,1,Gimme All Your Lovin',70,1983-03-23,0.0298,120.059
70500,2,Pavel,0.764,1997,0.0096,['Busta Rhymes'],0.913,217640,0.6,1,2cZuNzaAGNFozlZTxSDU1g,0.0,11,0.117,-8.446,0,Dangerous,44,1997,0.202,103.268
129707,2,Pavel,0.337,1964,0.953,['John Coltrane'],0.452,311973,0.144,0,5xJJg9CGiUI12q8iM7DFBo,0.899,2,0.133,-15.97,0,Do I Love You Because You're Beautiful?,18,1964-04-20,0.033,75.03399999999998
12519,2,Pavel,0.601,1984,0.899,"['Johannes Brahms', 'Wiener Philharmoniker', 'Claudio Abbado']",0.358,138707,0.1669999999999999,0,2oLjhx7w8Hyd3gry9cCXr7,0.96,7,0.103,-16.0,0,"Hungarian Dance No. 5 in G Minor, WoO 1 No. 5 (Orch. Schmeling)",61,1984-01-01,0.0354,144.561
12549,2,Pavel,0.804,1984,0.0275,['Steel Pulse'],0.913,322000,0.4270000000000001,0,54cMaPPTAoC57ZgnMTJKHM,1.66e-06,10,0.0767,-15.220999999999998,1,Handsworth Revolution,47,1984,0.114,118.028
12418,2,Pavel,0.84,1984,0.0102,['Prince'],0.7290000000000001,352906,0.989,0,51H2y6YrNNXcy3dfc3qSbA,4.45e-05,9,0.443,-4.613,0,When Doves Cry,72,1984-06-25,0.049,126.47
13812,2,Pavel,0.8029999999999999,1991,0.179,['R.E.M.'],0.6659999999999999,268427,0.855,0,31AOj9sFz2gM0O3hMARRBx,1.2e-06,9,0.0987,-5.051,0,Losing My Religion,82,1991-03-12,0.0295,125.639
13822,2,Pavel,0.7759999999999999,1991,0.00244,['Red Hot Chili Peppers'],0.6659999999999999,282907,0.936,0,0uppYCG86ajpV2hSR3dJJ0,0.086,7,0.153,-9.919,1,Give It Away,73,1991-09-24,0.0476,91.577
12828,2,Pavel,0.769,1986,0.00224,['AC/DC'],0.529,210880,0.768,0,6yl8Es1tCYD9WdSkeVLFw4,0.00075,7,0.297,-5.51,1,You Shook Me All Night Long,69,1986-05-24,0.0566,127.316
50023,2,Pavel,0.8370000000000001,1984,0.957,['José Alfredo Jimenez'],0.606,150400,0.215,0,2z79qCDpc8W5V3WaG3LOHC,0.0,5,0.178,-16.545,1,Cuatro Caminos,47,1984,0.0522,98.156
14015,2,Pavel,0.655,1992,0.00575,"['Dr. Dre', 'Snoop Dogg']",0.8009999999999999,238467,0.6990000000000001,1,4YtoipFgf4k0AfD17ZfD5X,0.0,11,0.146,-8.18,0,"Nuthin' But A ""G"" Thang",73,1992-12-15,0.279,94.605
15812,2,Pavel,0.5429999999999999,2001,0.00135,['Nickelback'],0.446,223840,0.764,0,0gmbgwZ8iqyMPmXefof8Yf,0.0,10,0.099,-5.042,1,How You Remind Me,78,2001-09-11,0.033,172.09400000000005
16715,2,Pavel,0.29,2005,0.182,['Augustana'],0.404,245933,0.5710000000000001,0,2WZyfujzMweFLnozyUJBkW,2.08e-05,0,0.129,-5.069,1,Boston,65,2005,0.0303,147.01
106794,3,Anetta,0.502,2010,0.0015,"['David Guetta', 'Kid Cudi']",0.544,210093,0.87,0,0NrwQdPgOlLkVEC3VMlU42,2.8e-06,8,0.246,-6.103,1,Memories (feat. Kid Cudi),51,2010-11-24,0.26,129.984
107005,3,Anetta,0.38,2011,0.0145,"['Lupe Fiasco', 'Trey Songz']",0.588,204013,0.847,0,4Nomj38R7Ds0P8I8orW2Tv,0.0,11,0.436,-4.734,0,Out of My Head (feat. Trey Songz),48,2011-03-04,0.0675,99.058
121901,3,Anetta,0.794,2005,0.799,"['Wayne Wilcox', 'Adam Pascal', 'Aaron Lohr', 'Cast Of The Motion Picture Rent']",0.459,56760,0.398,0,6LGHFOlbh34HKEyHtB0H6I,0.0,5,0.383,-8.141,1,Life Support,44,2005-09-27,0.0289,144.644
14704,3,Anetta,0.805,1995,0.0175,['Big L'],0.711,217627,0.62,0,6JI5wNWYdBw68GZjOMmgK5,0.0,11,0.134,-10.174,0,Put It On,62,1995-03-28,0.212,179.817
85028,3,Anetta,0.0392,1983,0.0553,['Subhumans'],0.178,254667,0.914,1,46VraWBV6YA5MTIhHjhrSG,0.0,11,0.36,-12.242,0,Subvert City,32,1983-01-01,0.14,173.8
35573,3,Anetta,0.591,2005,0.0433,['Panic! At The Disco'],0.513,203613,0.934,0,0N90pptABhFyr1axONlIEB,0.0,4,0.8320000000000001,-3.347,0,London Beckoned Songs About Money Written by Machines,54,2005-09-27,0.163,169.907
54325,3,Anetta,0.242,2005,0.264,['Third Day'],0.34,282333,0.619,0,0HgDYi8pYbkYYvatcNsrQZ,0.0,0,0.143,-5.622000000000001,1,Cry Out To Jesus,50,2005-11-01,0.0354,146.207
16877,3,Anetta,0.613,2006,0.486,['George Strait'],0.674,209320,0.6459999999999999,0,1qHRFZE8qykNXYZadzmi1m,8.37e-05,5,0.262,-5.876,1,Give It Away,64,2006-01-01,0.027,148.1
121675,3,Anetta,0.157,2004,0.00151,['Lamb of God'],0.301,215058,0.996,0,6nQZeJoVPuebEKoHHtgb4N,0.00284,6,0.319,-3.469,0,Break You,44,2004-08-31,0.184,106.204
16612,3,Anetta,0.29,2005,0.271,['Carrie Underwood'],0.519,199947,0.7490000000000001,0,0ZUo4YjG4saFnEJhdWp9Bt,0.0,6,0.119,-3.318,0,Before He Cheats,75,2005-11-14,0.0405,147.905
137053,3,Anetta,0.132,2001,0.843,['Gilberto Santa Rosa'],0.322,280547,0.3229999999999999,0,5cvsXUkjwWf8CdvYjrfvB8,1.16e-05,8,0.138,-10.213,1,Mentira,51,2001-07-24,0.0371,81.51100000000002
18020,3,Anetta,0.919,2012,0.000972,['Calvin Harris'],0.7070000000000001,206413,0.924,0,1gihuPhrLraKYrJMAEONyc,0.00703,7,0.204,-2.842,1,Feel So Close - Radio Edit,80,2012-10-29,0.031,127.937
19600,3,Anetta,0.11,2019,0.0781,['Sir Chloe'],0.366,214088,0.439,0,3sa1wUB8FAkoH95MGPGBWI,1.92e-05,4,0.108,-5.238,1,Michelle,76,2019-04-11,0.0298,115.94
16211,3,Anetta,0.7859999999999999,2003,3.43e-05,['Yellowcard'],0.486,198267,0.904,0,23oxJmDc1V9uLUSmN2LIvx,2.8300000000000014e-05,6,0.0947,-3.751,0,Ocean Avenue,73,2003-01-01,0.0638,173.734
16384,3,Anetta,0.934,2003,0.0285,"['Cam’ron', 'Juelz Santana', 'Freekey Zeekey', 'Toya']",0.764,230080,0.669,1,6a8lMvYwJBwV4OtmdI1aDb,5.09e-06,8,0.337,-5.57,1,Hey Ma,54,2003-01-01,0.363,89.83200000000002
151967,3,Anetta,0.945,2001,0.0173,['*NSYNC'],0.6609999999999999,216640,0.946,0,6Pgxy1B32OlEGT8i3ccrlZ,0.000304,10,0.101,-3.283,0,"Tell Me, Tell Me...Baby",37,2001-07-24,0.0713,98.031
13812,3,Anetta,0.8029999999999999,1991,0.179,['R.E.M.'],0.6659999999999999,268427,0.855,0,31AOj9sFz2gM0O3hMARRBx,1.2e-06,9,0.0987,-5.051,0,Losing My Religion,82,1991-03-12,0.0295,125.639
15831,3,Anetta,0.423,2001,0.318,['Ginuwine'],0.562,265533,0.594,0,0Uyh92tLyb9JawG8lmWCzJ,0.0,3,0.311,-4.578,0,Differences,69,2001-04-03,0.0558,62.87600000000001
53638,3,Anetta,0.7959999999999999,2002,0.31,['Tech N9ne'],0.923,256400,0.688,1,2UgCRfbt0gafXbUDyMmnqh,0.0,2,0.0866,-3.904,1,Slacker,49,2002-09-24,0.252,93.931
16872,3,Anetta,0.736,2006,0.13,['Josh Turner'],0.605,228187,0.8640000000000001,0,1KhrAWvLIjRlQIJtSTgvsi,0.0008269999999999,6,0.113,-5.365,1,Would You Go With Me,64,2006,0.0292,122.918
18426,3,Anetta,0.8590000000000001,2014,0.113,['Sam Hunt'],0.747,190240,0.861,0,1TwLKNsCnhi1HxbIi4bAW0,0.0,8,0.026,-5.251,1,House Party,72,2014-10-27,0.0514,103.966
89878,3,Anetta,0.355,2008,0.0014199999999999,['Drowning Pool'],0.359,229973,0.897,0,4xvNjUqX0t9ilsXSARVg13,0.000559,4,0.105,-6.359,1,37 Stitches,46,2008-05-13,0.095,157.88
104987,3,Anetta,0.695,2001,0.00138,['Mest'],0.62,167427,0.872,0,2INPZO3P759ZWNgRSmPBUS,2.7600000000000014e-05,0,0.272,-5.351,1,Cadillac,44,2001-12-12,0.0456,92.525
87054,3,Anetta,0.228,1994,0.0106,['Slowdive'],0.26,232733,0.476,0,2W70vgf87uyNB2XRpRDEES,0.627,4,0.24,-7.204,1,Alison,45,1994-11-05,0.0399,101.584
106686,3,Anetta,0.356,2010,0.0106,['Miley Cyrus'],0.5710000000000001,214853,0.805,0,4buvG5Kmstm8UMjSgUrv2X,0.0,9,0.0864,-4.985,0,Who Owns My Heart,59,2010-01-01,0.129,135.908
138705,3,Anetta,0.524,2009,0.0546,"['Birdman', 'Drake', 'Lil Wayne']",0.62,261267,0.619,1,3922kPG1JMYBNhACLo9j3f,0.0,1,0.31,-6.567,1,4 My Town (Play Ball),43,2009-01-01,0.221,152.114
17054,3,Anetta,0.765,2007,0.0292,"['2Pac', 'Roger', 'Dr. Dre']",0.7609999999999999,284480,0.847,1,3djNBlI7xOggg7pnsOLaNm,2.26e-06,7,0.39,-3.068,1,California Love - Original Version,66,2007-12-03,0.0417,91.519
88507,3,Anetta,0.423,2001,0.3720000000000001,"['Joe Strummer', 'The Mescaleros']",0.68,244507,0.59,0,3Hk17IYSTvZU3YU2Q7Ur01,2.65e-05,9,0.125,-7.601,0,Johnny Appleseed,46,2001-07-24,0.0313,104.008
55998,3,Anetta,0.472,2013,0.0323,['Billy Currington'],0.5589999999999999,232107,0.812,0,2EvddT8rcO99bKH0rDHAYG,0.0,11,0.195,-5.347,1,We Are Tonight,54,2013-01-01,0.0371,127.911
73894,3,Anetta,0.397,2014,0.00101,['BANKS'],0.597,249740,0.696,0,4PvD06Pmbm2rHG2JjSlElF,0.0735,5,0.255,-6.1960000000000015,0,Beggin For Thread,59,2014-01-01,0.0278,107.96
288,4,Татьяна Качан,0.387,1923,0.988,['Louis Armstrong'],0.6809999999999999,180307,0.188,0,2DAK09fP0bobALaArOEeCI,0.00732,0,0.345,-12.133,1,(What Did I Do to Be So) Black and Blue,6,1923,0.0482,103.095
298,4,Татьяна Качан,0.816,1923,0.927,['Louis Armstrong'],0.741,195960,0.284,0,3jic1HtQwJwaKnBL4ykuwZ,0.0788,3,0.0633,-10.406,1,My Sweet,4,1923,0.0505,105.84
317,4,Татьяна Качан,0.8140000000000001,1923,0.992,['Seger Ellis'],0.564,186467,0.203,0,0oqDrehB6TLZNZk7J4sTKA,5.45e-06,4,0.457,-11.501,1,To Be In Love,4,1923,0.0743,160.767
619,4,Татьяна Качан,0.768,1925,0.993,['Louis Armstrong & His Hot Five'],0.583,170533,0.288,0,2iHtgZVqtU2lGy0WBhwHnU,0.109,5,0.206,-9.204,1,Droppin' Shucks,11,1925,0.123,177.64700000000005
629,4,Татьяна Качан,0.209,1925,0.991,['Tommy Dorsey'],0.345,192027,0.127,0,6q9IP7wbfpocUiOEGvQqCZ,0.000133,0,0.72,-17.475,1,I'll Never Smile Again,7,1925,0.0372,71.003
887,4,Татьяна Качан,0.843,1926,0.563,['Fats Waller'],0.8370000000000001,124613,0.267,0,0komRzofadMbK7goHcF92v,2.18e-05,7,0.267,-16.93,0,"Hold Tight (Want Some Seafood, Mama)",6,1926,0.324,95.735
896,4,Татьяна Качан,0.599,1926,0.7240000000000001,['Fats Waller'],0.69,182787,0.136,0,3ZwgQglycOY7m7idbpdoQo,8.58e-05,7,0.371,-19.43,1,"You Run Your Mouth, I'll Run My Business",6,1926,0.254,134.339
900,4,Татьяна Качан,0.7859999999999999,1926,0.912,['Fats Waller'],0.6679999999999999,183600,0.22,0,5FzgkVitiLFdKZcxiMXclD,0.0205,0,0.219,-16.153,1,A Good Man Is Hard to Find,6,1926,0.0639,148.905
906,4,Татьяна Качан,0.369,1926,0.8220000000000001,['Louis Armstrong & His Hot Five'],0.578,194973,0.1689999999999999,0,7xoKblVgkrpJ2ckky3SAB1,7.56e-05,10,0.851,-12.513,1,Basin Street Blues,7,1926,0.0513,109.418
910,4,Татьяна Качан,0.934,1926,0.963,['Jelly Roll Morton & His Red Hot Peppers'],0.763,174335,0.431,0,1eodLtI2tja7z5OQ7YUyJ0,0.9,0,0.124,-11.272,1,Grandpa's Spells (Take 2),8,1926,0.046,104.743
1233,4,Татьяна Качан,0.464,1928,0.991,['Blind Willie Johnson'],0.523,182693,0.141,0,4ejoH0NfgVB2qETUiaHWdL,0.0405,2,0.219,-15.7,1,Keep Your Lamp Trimmed And Burning,18,1928,0.0421,149.046
1240,4,Татьяна Качан,0.178,1928,0.986,"['Frédéric Chopin', 'Arthur Rubinstein']",0.358,289560,0.0278,0,1cDzoKTbFscFFFAVpTJlYR,0.925,6,0.0944,-25.593000000000004,1,"Chopin: Nocturne No. 3 in B Major, Op. 9 No. 3",14,1928,0.0361,76.984
1274,4,Татьяна Качан,0.569,1928,0.944,['Louis Armstrong & His Hot Five'],0.682,187307,0.196,0,3YM0P5iReUACNu02fp2Ylx,0.69,3,0.107,-13.627,1,Skip the Gutter,9,1928,0.0796,122.62
1280,4,Татьяна Качан,0.8740000000000001,1928,0.893,"['Benny Goodman Sextet', 'Benny Goodman', 'Charlie Christian']",0.809,200867,0.485,0,1bs17mvzw3Q9YMhk9u6Eqy,0.755,5,0.0899,-9.615,1,Air Mail Special (Good Enough to Keep) (feat. Benny Goodman & Charlie Christian),10,1928,0.0375,115.533
1716,4,Татьяна Качан,0.59,1930,0.636,['Louis Armstrong'],0.44,190267,0.406,0,7MHyRApG9yln6S6xcUY3PA,0.000205,10,0.278,-9.356,1,I've Got a Feeling I'm Falling,5,1930,0.0541,169.06
1719,4,Татьяна Качан,0.422,1930,0.968,['Big Bill Broonzy'],0.7020000000000001,183267,0.188,0,0H6MmZqU7IFVZaOSl70Jn4,0.000378,3,0.106,-13.01,1,Worrying You Off My Mind,4,1930,0.0452,94.692
1756,4,Татьяна Качан,0.273,1930,0.992,"['Isaac Albéniz', 'Andrés Segovia']",0.551,262160,0.0323,0,52SOa179l2BYP1WSWFzAm2,0.8220000000000001,4,0.0728,-23.992,1,Suite Espagnole: Granada,5,1930-01-01,0.0487,136.537
1960,4,Татьяна Качан,0.38,1931,0.589,['Эрих Мария Ремарк'],0.6829999999999999,125300,0.218,1,0zwx3mI2gUjt76h0FInovw,0.0,5,0.27,-14.009,0,Часть 54.8 - Обратный путь,0,1931,0.96,82.677
4221,4,Татьяна Качан,0.0385,1943,0.926,['Warner Bros Studio Orchestra'],0.184,193000,0.182,0,74TtojWj3rgGAdHZn7zEQo,0.969,3,0.13,-19.852,1,Medley (Ilsa Returns / As Time Goes By / Bitterness / Laszlo / Agitato No. 1 / Ilsa / La Marseillaise),12,1943-01-23,0.0358,87.241
4424,4,Татьяна Качан,0.0909,1944,0.951,['Frank Sinatra'],0.112,198040,0.1,0,3q3cb1Zb7x859njHAd3gfk,0.0108,10,0.131,-20.47,1,Laura,23,1944,0.0392,171.222
4431,4,Татьяна Качан,0.211,1944,0.964,['Judy Garland'],0.159,189160,0.182,0,3w8hYFExK1sFskwqWBzN35,1.93e-05,0,0.35,-13.956,1,Boys And Girls Like You And Me,19,1944-01-01,0.0341,84.40299999999998
4454,4,Татьяна Качан,0.1669999999999999,1944,0.97,['Frank Sinatra'],0.32,172707,0.115,0,7LKi2MAYYF2k3hfF8lsJSj,0.000225,8,0.191,-18.322,1,Why Shouldn't I?,10,1944,0.0389,78.149
8841,4,Татьяна Качан,0.684,1966,0.898,['Thurl Ravenscroft'],0.5589999999999999,176333,0.373,0,6ZgigeSB0XUMqc0jjzaq6d,0.0,2,0.124,-14.107,1,"You're A Mean One, Mr. Grinch",57,1966-12-18,0.111,103.786
8846,4,Татьяна Качан,0.953,1966,0.346,['The Isley Brothers'],0.632,172733,0.59,0,5c33j1xFVOL4G24zxYhssB,0.0,5,0.24,-10.206,1,This Old Heart Of Mine (Is Weak For You),64,1966,0.0305,130.287
8864,4,Татьяна Качан,0.366,1966,0.982,['Nancy Sinatra'],0.433,162447,0.174,0,4JLcAU2xY90qTkTSNM1lUa,0.101,5,0.111,-18.791,0,Bang Bang (My Baby Shot Me Down),63,1966-01-01,0.0537,95.802
8873,4,Татьяна Качан,0.37,1966,0.21,['The Byrds'],0.364,214640,0.768,0,2BGNomqCxEDcXyxf8bg27k,0.136,9,0.503,-10.492,1,Eight Miles High,55,1966-07-18,0.0757,130.602
9085,4,Татьяна Качан,0.301,1967,0.361,['Lulu'],0.546,166693,0.399,0,0gBFr7N2D1GfhkXIIepIGG,3.18e-06,4,0.0995,-9.378,1,To Sir with Love,49,1967-05-12,0.027,97.142
9359,4,Татьяна Качан,0.81,1968,0.0207,['The Beatles'],0.523,144773,0.731,0,64P3zpRsDHIk7YTpRtaKYL,0.000464,2,0.081,-8.613,1,Everybody's Got Something To Hide Except Me And My Monkey - Remastered 2009,49,1968-11-22,0.0559,117.089
9370,4,Татьяна Качан,0.769,1968,0.575,['James Taylor'],0.536,218387,0.46,0,6JOSJqqpAKoD4s3qbNDcPT,0.0,5,0.192,-9.15,1,Carolina In My Mind - Remastered,45,1968,0.0249,92.028
9437,4,Татьяна Качан,0.8959999999999999,1969,0.0232,['Bob Seger'],0.601,145311,0.84,0,691Wr3tOjDqic3OTPLouX3,0.0,9,0.0569,-3.828,1,Ramblin' Gamblin' Man,62,1969-04-01,0.0509,130.811
3513,5,Железный Дровосек,0.0978,1939,0.8859999999999999,['MGM Studio Orchestra'],0.19,253867,0.0979,0,5wjTmp9zvJzPrIZfCFRFzh,0.736,1,0.195,-22.674,1,I Hereby Decree,17,1939-08-25,0.0398,115.14
15435,5,Железный Дровосек,0.382,1999,0.034,['blink-182'],0.52,249627,0.775,0,6xpDh0dXrkVp0Po1qrHUd8,0.0,0,0.364,-5.803,1,Adam's Song,70,1999-06-01,0.0348,136.028
15514,5,Железный Дровосек,0.263,1999,0.12,['Tim McGraw'],0.444,279867,0.484,0,5BeY2wY4rGFD1Q3aXO83Bv,0.0,9,0.135,-8.311,1,My Best Friend,58,1999-05-04,0.0289,147.715
33832,5,Железный Дровосек,0.8029999999999999,1996,0.0314,['Jeru The Damaja'],0.713,265533,0.597,1,1h20yRsf5WeuHbohrlfcCt,0.0,6,0.0348,-10.741,0,Me Or The Papes,57,1996-01-01,0.37,169.646
36293,5,Железный Дровосек,0.652,2008,0.36,"[""Adolescent's Orquesta""]",0.747,233326,0.619,0,2vHNqDJe1qvt1sroQfNHSI,0.0,7,0.132,-4.706,1,Aquel Lugar,67,2008,0.036,92.124
73082,5,Железный Дровосек,0.632,2010,0.213,['The String Cheese Incident'],0.534,516413,0.7490000000000001,0,6xleIePy9XfIOV8ksoKlKx,0.293,4,0.374,-11.682,0,This Must Be the Place (Naive Melody),49,2010-11-09,0.0393,117.904
85294,5,Железный Дровосек,0.159,1984,0.00557,['Grim Reaper'],0.209,258351,0.889,1,2dlPl5yPY3jR723luEI58F,0.00317,0,0.112,-7.792999999999997,1,See You in Hell,32,1984,0.0736,93.306
85802,5,Железный Дровосек,0.201,1987,0.967,['Enya'],0.286,192667,0.0251,0,5F83kJlBQ49pUCqZw83Jlp,0.939,1,0.083,-22.939,1,Portrait (Out of the Blue),31,1987,0.0369,80.767
85817,5,Железный Дровосек,0.775,1987,0.197,['Whitney Houston'],0.758,321667,0.843,0,4gDBc1RxPAvinJrZzZ9nYX,4.11e-06,1,0.242,-9.454,1,Love Will Save the Day,44,1987-06-02,0.0482,120.569
86012,5,Железный Дровосек,0.856,1988,0.0273,['Living Colour'],0.511,220133,0.913,0,2XyU7gwELovG2Nqo9UYBGp,0.00569,0,0.0864,-4.379,0,Glamour Boys,40,1988,0.0323,121.451
86229,5,Железный Дровосек,0.13,1990,0.000109,['Judas Priest'],0.318,289040,0.984,0,3DfE7Ysl7H40yDbGFSuzPU,0.0174,4,0.144,-4.6930000000000005,0,Between the Hammer & the Anvil,44,1990-09-26,0.109,172.271
88226,5,Железный Дровосек,0.778,2000,0.0784,['Phil Vassar'],0.5870000000000001,246240,0.88,0,339hc1FygD8oJl4kg24IjG,0.0,4,0.182,-5.725,1,Carlene,41,2000-02-21,0.0324,129.222
88386,5,Железный Дровосек,0.935,2001,0.144,['Janet Jackson'],0.738,272360,0.914,0,43zr9kKkeiQrshvYuvNtfM,0.00099,2,0.182,-4.203,1,Someone To Call My Lover,47,2001-01-01,0.0434,127.885
88584,5,Железный Дровосек,0.478,2002,0.00127,['Box Car Racer'],0.602,191827,0.851,0,5IZHmgIkES7t7Kpd9a1wbX,0.00201,7,0.103,-4.899,1,And I,47,2002-01-01,0.0545,107.018
88785,5,Железный Дровосек,0.932,2003,0.144,"['Tom Jones', 'Mousse T.']",0.8009999999999999,211893,0.8759999999999999,0,7GHKA8GIMcND6c5nN1sFnD,1.3800000000000008e-05,8,0.104,-3.94,0,Sexbomb,65,2003-01-01,0.0446,122.979
115424,5,Железный Дровосек,0.922,1972,0.107,['Curtis Mayfield'],0.542,328333,0.8059999999999999,0,1Ll3h8nTJKRjaYaQyAcCZs,0.000554,1,0.0709,-6.299,0,Freddie's Dead,22,1972-07-01,0.0813,91.292
115430,5,Железный Дровосек,0.922,1973,0.0662,['Carole King'],0.735,245667,0.591,0,0v1qlRKi0ZwlQn4zK3kM4N,0.275,2,0.2,-12.11,1,Corazón,33,1973-06-01,0.0369,127.55
165599,5,Железный Дровосек,0.242,1995,9.36e-06,['Fear Factory'],0.519,312653,0.976,0,5W6lI8zmyhSd7xO10wEhwf,0.0594,11,0.257,-6.024,0,Self Bias Resistor,39,1995,0.0662,93.051
60412,5,Железный Дровосек,0.111,1946,0.988,"['Robert Schumann', 'Maryla Jonas']",0.627,125587,0.00328,0,31qEwRphYbhctken413Vgs,0.94,7,0.14,-18.227,1,"Kinderszenen, Op. 15: 13. Der Dichter spricht",0,1946,0.124,128.21200000000002
52454,5,Железный Дровосек,0.723,1996,0.146,['Alice In Chains'],0.601,297427,0.77,0,1DfOxEiYPhQlN2D1arscnN,0.00195,3,0.802,-7.447,1,"No Excuses - Live at the Majestic Theatre, Brooklyn, NY - April 1996",52,1996-07-29,0.0415,121.067
84725,5,Железный Дровосек,0.841,1982,0.339,['King Sunny Ade'],0.526,428800,0.459,0,7LLyEy0GVYBpziR5O06ZZv,0.0005269999999999,10,0.0634,-15.289,0,Ja Funmi,30,1982,0.0522,105.59
86699,5,Железный Дровосек,0.38,1992,0.000363,['White Zombie'],0.522,313800,0.797,0,5Dl0kQlw30AJIFupjioRz4,0.452,9,0.301,-11.845,1,Cosmic Monsters Inc.,38,1992-01-01,0.0502,172.77700000000004
101964,5,Железный Дровосек,0.368,1986,0.0765,['Bruce Springsteen'],0.471,258573,0.911,0,4PexmWxmftd3ggYweZ56XB,0.00292,5,0.986,-11.277,1,"Tenth Avenue Freeze-Out - Live at Meadowlands Arena, E. Rutherford, NJ - August 1984",34,1986-11-10,0.0886,119.13
73261,5,Железный Дровосек,0.211,2011,0.428,['The Muppets'],0.526,188933,0.413,0,1SJ4ycWow4yz6z4oFz8NAG,0.0,9,0.126,-7.673999999999999,1,Rainbow Connection,54,2011-11-21,0.0278,115.936
119531,5,Железный Дровосек,0.654,1993,0.675,['Vicente Fernández'],0.341,182893,0.506,0,28ldZTSap5HK0GQHKFOayo,1.26e-06,7,0.368,-5.038,1,Me Está Esperando María,38,1993-12-13,0.0328,164.80700000000004
120168,5,Железный Дровосек,0.536,1996,0.0606,['Spice Girls'],0.7,228533,0.7859999999999999,0,6bh25NILjNfJnIvGRT2emC,1.19e-05,11,0.069,-8.621,0,If U Can't Dance,44,1996-01-01,0.14,103.783
120098,5,Железный Дровосек,0.315,1996,0.115,['Van Halen'],0.542,321667,0.765,0,5bZot4m7UipdSOHsN4oPIS,0.00757,5,0.147,-8.373,1,Right Now,41,1996-09-24,0.0278,93.904
132087,5,Железный Дровосек,0.81,1976,0.0223,['Thin Lizzy'],0.419,272893,0.875,0,0oXPs4WBZtiugJwSRhvyDa,0.00114,8,0.114,-9.297,1,The Boys Are Back In Town - Remix,28,1976,0.0426,80.657
169747,5,Железный Дровосек,0.39,2016,0.000516,['Pierce The Veil'],0.345,292360,0.957,1,6LhGzSZlIGxZpyIXXZn9ZV,1.1e-05,3,0.352,-3.796,0,Dive In,53,2016-05-13,0.113,160.915
12279,5,Железный Дровосек,0.329,1983,0.00171,['Metallica'],0.222,432547,0.938,0,4YPgTCGJWAlHQ5g6eWoM8r,0.0845,0,0.108,-6.91,1,The Four Horsemen (Remastered),53,1983-07-25,0.375,203.098
56639,6,Валерий Кузнецов,0.516,2017,0.0603,['NEFFEX'],0.6729999999999999,247608,0.706,0,7wOqBOryVGD3nqDUihDSwL,2.75e-06,8,0.426,-8.4,1,Rumors,73,2017-04-26,0.115,74.972
56964,6,Валерий Кузнецов,0.5870000000000001,2018,0.094,['NEFFEX'],0.716,200571,0.946,1,6KigD0mlF4VGDYiSEzAyYw,6.63e-05,1,0.0825,-3.412,1,Fight Back,76,2018-11-30,0.261,139.94299999999998
154840,6,Валерий Кузнецов,0.594,2017,0.0051,['NEFFEX'],0.657,227200,0.8420000000000001,0,7zv0i1f8kTy8hPapkm28kz,2.77e-06,0,0.223,-5.26,1,Best of Me,68,2017-07-12,0.068,74.995
170183,6,Валерий Кузнецов,0.943,2018,0.107,['NEFFEX'],0.782,182400,0.757,0,1e6aAbWR0MXCNcr4yQovNr,0.0,6,0.0779,-6.504,1,Grateful,71,2018-02-28,0.0898,75.002
16916,6,Валерий Кузнецов,0.446,2006,0.00116,['Skillet'],0.359,230427,0.955,0,5pRElcsPZrgZXkoON2o5Go,0.0,4,0.349,-2.323,0,Comatose,67,2006-10-03,0.12,170.033
17417,6,Валерий Кузнецов,0.6920000000000001,2009,0.0431,['Skillet'],0.64,178013,0.957,0,2UREu1Y8CO4jXkbvqAtP7g,0.0,8,0.0789,-2.336,1,Monster,76,2009-08-21,0.0741,134.99200000000002
17437,6,Валерий Кузнецов,0.782,2009,0.0079099999999999,['Skillet'],0.5329999999999999,186813,0.967,0,4CbKVDZkYKdv69I4bCaKUq,0.0,1,0.336,-2.543,1,Hero,73,2009-08-21,0.0995,142.018
17484,6,Валерий Кузнецов,0.569,2009,0.0425,['Skillet'],0.434,209493,0.939,0,0nkzd3yNniB767zSDDdLZ3,0.0,4,0.491,-2.983,0,Awake and Alive,69,2009-08-21,0.0593,159.93200000000004
37203,6,Валерий Кузнецов,0.475,2013,0.0106,['Skillet'],0.445,225280,0.953,0,2jfk3m8nq5IvB35s2xIs1O,0.0,5,0.281,-2.463,0,Not Gonna Die,66,2013-06-21,0.0704,172.063
55143,6,Валерий Кузнецов,0.6920000000000001,2009,0.0431,['Skillet'],0.64,178013,0.957,0,5XQNN3cHwYRzPv08CHuQNZ,0.0,8,0.0789,-2.336,1,Monster,63,2009-08-24,0.0741,134.99200000000002
55979,6,Валерий Кузнецов,0.381,2013,0.0127,['Skillet'],0.57,260787,0.921,0,1W0YS64vF9qgMVLuN76aqg,0.0,4,0.818,-3.892,0,Rise,62,2013-06-21,0.0724,87.93799999999996
122634,6,Валерий Кузнецов,0.782,2009,0.0079099999999999,['Skillet'],0.5329999999999999,186813,0.967,0,0sdeLSxygcjyMyWPhZBdFs,0.0,1,0.336,-2.543,1,Hero,59,2009-08-24,0.0995,142.018
124628,6,Валерий Кузнецов,0.242,2019,0.00033,['Skillet'],0.5479999999999999,244538,0.924,0,2pYaGdqXBrl8MdvuwgtBb7,1.42e-05,11,0.162,-4.48,0,Legendary,67,2019-08-02,0.0689,124.031
153408,6,Валерий Кузнецов,0.569,2009,0.0425,['Skillet'],0.434,209493,0.939,0,0KCr0VngtbPhpbngIIfiLW,0.0,4,0.491,-2.983,0,Awake and Alive,55,2009-08-24,0.0593,159.93200000000004
17465,6,Валерий Кузнецов,0.705,2009,0.009,['Flo Rida'],0.72,204640,0.672,0,3GpbwCm3YxiWDvy29Uo3vP,0.0,7,0.232,-6.852,1,Right Round,74,2009-03-30,0.0551,124.986
18100,6,Валерий Кузнецов,0.684,2012,0.0588,['Flo Rida'],0.706,248133,0.89,0,2LEF1A8DOZ9wRYikWgVlZ8,0.00286,1,0.306,-4.444,0,Good Feeling,75,2012-06-22,0.0688,128.011
37072,6,Валерий Кузнецов,0.763,2012,0.00616,['Flo Rida'],0.693,223800,0.8220000000000001,0,4bZd0nRuX8HyjeXAUBczvm,1.79e-06,4,0.315,-5.441,0,I Cry,64,2012-06-22,0.0439,126.035
153425,6,Валерий Кузнецов,0.705,2009,0.009,['Flo Rida'],0.72,204640,0.672,0,7EH2enDP1q3upRqctbOz3n,0.0,7,0.232,-6.852,1,Right Round,46,2009-03-30,0.0551,124.986
169636,6,Валерий Кузнецов,0.7709999999999999,2015,0.139,"['Prince Royce', 'Jennifer Lopez', 'Pitbull']",0.7240000000000001,200920,0.78,0,6Y0mJNAcx8CDBOhSy6icFP,0.0,1,0.0371,-6.772,1,Back It Up (feat. Jennifer Lopez & Pitbull) - Video Version,56,2015-07-24,0.0803,104.024
37242,6,Валерий Кузнецов,0.402,2013,0.00112,"['will.i.am', 'Justin Bieber']",0.797,279507,0.608,0,01TuObJVd7owWchVRuQbQw,7.659999999999999e-05,6,0.0748,-6.096,0,#thatPOWER,68,2013-01-01,0.0584,127.999
18318,6,Валерий Кузнецов,0.501,2013,0.019,"['will.i.am', 'Britney Spears']",0.772,283400,0.685,1,2iJuuzV8P9Yz0VSurttIV5,8.96e-05,5,0.131,-6.849,1,Scream & Shout,75,2013-01-01,0.0696,130.033
37918,6,Валерий Кузнецов,0.462,2017,0.0139,['The Score'],0.601,189120,0.757,0,3SWqGa1J0M7hSBUDM0KePD,8.85e-05,2,0.0727,-3.341,1,Legend,73,2017-10-13,0.028,82.001
37922,6,Валерий Кузнецов,0.602,2017,0.00129,['The Score'],0.485,192107,0.843,0,6rrKbzJGGDlSZgLphopS49,1.01e-05,1,0.14,-3.993,0,Unstoppable,74,2017-10-13,0.0467,78.001
74531,6,Валерий Кузнецов,0.574,2017,0.0611,['The Score'],0.574,231987,0.833,0,7Fv8Qp3tTSbSS2VjryUF7L,0.0,8,0.105,-6.239,0,Revolution,68,2017-10-13,0.0563,86.008
124616,6,Валерий Кузнецов,0.528,2019,0.0576,['The Score'],0.631,234013,0.684,0,5Sco7mbJy7p7vdDtJW10fZ,0.0,5,0.0938,-6.27,0,Born For This,68,2019-02-01,0.0405,129.974
140207,6,Валерий Кузнецов,0.465,2017,0.00342,['The Score'],0.449,214613,0.745,0,0sJ4NbFdEhgLOtInlbRmFl,0.0,9,0.295,-5.045,0,Higher,64,2017-10-13,0.0327,83.91799999999998
170354,6,Валерий Кузнецов,0.616,2019,0.00252,"['The Score', 'blackbear']",0.609,198640,0.726,1,2EtDBM1HREttw143IwZvJ0,0.0,1,0.0745,-3.947,0,Dreamin (with blackbear),64,2019-02-01,0.108,79.967
17448,6,Валерий Кузнецов,0.502,2009,0.0015,"['David Guetta', 'Kid Cudi']",0.544,210093,0.87,0,4dTaAiV9xFFCxnPur9c9yL,2.8e-06,8,0.246,-6.103,1,Memories (feat. Kid Cudi),65,2009-08-21,0.26,129.984
17860,6,Валерий Кузнецов,0.301,2011,0.0678,"['David Guetta', 'Sia']",0.604,245040,0.7879999999999999,0,0lHAMNU8RGiIObScrsRgmP,0.153,0,0.127,-3.673,0,Titanium (feat. Sia),67,2011-08-26,0.103,126.06
90202,6,Валерий Кузнецов,0.8009999999999999,2010,0.076,"['David Guetta', 'Akon']",0.813,195853,0.627,1,6pL7puHxh1psrLzrAlobxQ,0.000616,11,0.131,-5.018,0,Sexy Bitch (feat. Akon),57,2010-11-24,0.0486,130.011
53043,7,Борис,0.0451,1999,0.00107,['Moby'],0.598,264827,0.624,0,3QMEtL9Yh1HShyxVBZobEC,0.0795,7,0.0826,-6.922999999999999,1,Why Does My Heart Feel So Bad?,47,1999-05-17,0.0332,98.004
34466,7,Борис,0.6559999999999999,1999,0.046,['Moby'],0.6809999999999999,253760,0.653,0,4qUVntQ46fmejnJDlRlJpw,0.0513,3,0.276,-7.891,0,Natural Blues,49,1999-05-17,0.0328,107.988
139385,7,Борис,0.0393,2013,0.396,['London Grammar'],0.648,207253,0.28,0,51ZPtAuqT0V5lNONYZTrxy,0.0785,5,0.106,-11.961,1,Hey Now,48,2013-09-10,0.0333,120.058
107422,7,Борис,0.134,2013,0.857,['London Grammar'],0.5429999999999999,204213,0.311,0,3elOzp9X3B8vMGhJBWzbIF,0.000684,5,0.0983,-10.018,0,Wasting My Young Years,50,2013-09-10,0.0361,126.86
17809,7,Борис,0.285,2011,0.892,['Adele'],0.5589999999999999,285040,0.33,0,4kflIGfjdZJW4ot2ioixTB,0.0,9,0.0975,-8.251,1,Someone Like You,79,2011-01-19,0.0285,135.109
17830,7,Борис,0.522,2011,0.131,['Adele'],0.7290000000000001,228293,0.7559999999999999,0,1CkvWZme3pRgbzaxZnTl5X,0.0,8,0.0527,-5.119,1,Rolling in the Deep,75,2011-01-19,0.0294,104.945
18134,7,Борис,0.0789,2012,0.417,['Adele'],0.346,286480,0.552,0,6VObnIkLVruX4UVyxWhlqm,0.0,0,0.114,-6.864,0,Skyfall,74,2012-10-04,0.0282,75.881
36742,7,Борис,0.235,2011,0.206,['Adele'],0.64,243200,0.395,0,24cKN8P2uGWypxTw5WaNlq,0.0,3,0.0935,-5.689,1,Don't You Remember,65,2011-01-19,0.0307,115.082
140391,7,Борис,0.7659999999999999,2018,0.431,['Jungle'],0.816,234370,0.4920000000000001,0,33wUd3GgaRf2rux2aJ71yb,0.0899,10,0.0995,-7.463999999999999,0,Casio,68,2018-09-14,0.0752,115.989
38493,7,Борис,0.873,2020,0.0406,['Tame Impala'],0.621,237800,0.873,0,5hM5arv9KDbCHS0k9uqwjr,9.1e-06,5,0.0824,-3.067,0,Borderline,80,2020-02-14,0.0369,97.96
9417,7,Борис,0.229,1969,0.7,['Frank Sinatra'],0.401,276800,0.381,0,3spdoTYpuCpmq19tuD0bOe,0.0,2,0.122,-7.457999999999997,1,My Way,74,1969-03,0.0274,75.454
56021,7,Борис,0.249,2014,0.162,['Jessie Ware'],0.387,257484,0.413,0,71AATBHZGo82EnjZnG53Zx,1.56e-05,7,0.262,-8.95,1,Say You Love Me,59,2014-08-04,0.0559,173.73
12994,7,Борис,0.0675,1986,0.96,['Ennio Morricone'],0.233,134133,0.195,0,6opPrJUpq4Pl5c84eCwLmo,0.914,2,0.0793,-17.202,1,Gabriel's Oboe,60,1986,0.0461,61.21100000000001
19616,7,Борис,0.334,2020,0.00146,['The Weeknd'],0.514,200040,0.73,0,0VjIjW4GlUZAMYd2vXMi3b,9.54e-05,1,0.0897,-5.934,1,Blinding Lights,96,2020-03-20,0.0598,171.005
55101,7,Борис,0.346,2009,0.0189,['The Temper Trap'],0.55,212320,0.574,0,5y1iInKBJiE9Qfi4eKOal9,0.568,7,0.109,-7.427,1,Love Lost,50,2009-03-24,0.0341,122.579
17459,7,Борис,0.34,2009,0.0701,['The Temper Trap'],0.531,230800,0.821,0,5RoIXwyTCdyUjpMMkk4uPd,0.171,2,0.124,-6.812,1,Sweet Disposition,64,2009-03-24,0.0439,129.139
37708,7,Борис,0.594,2015,0.392,['Lord Huron'],0.5429999999999999,262209,0.925,1,1bqrRn1pJWowNLA5N9L6uW,0.456,6,0.0668,-6.783,0,Meet Me in the Woods,61,2015-04-07,0.0448,80.499
32761,7,Борис,0.109,1991,0.526,['Queen'],0.421,272107,0.517,0,3m86qx7aIeqFcYcQ1UXUvP,1.82e-06,11,0.136,-11.49,0,The Show Must Go On,48,1991-02-05,0.035,84.01100000000002
31488,7,Борис,0.742,1984,0.0487,['Queen'],0.87,199533,0.292,0,1IVZX29ZuEXng3ChRnp3tL,0.0054,4,0.0983,-15.765999999999998,1,I Want To Break Free,41,1984-02-27,0.0471,109.143
18290,7,Борис,0.862,2013,0.0426,"['Daft Punk', 'Pharrell Williams', 'Nile Rodgers']",0.794,248413,0.8109999999999999,0,2Foc5Q5nqNiosCNqttzHof,1.07e-06,6,0.101,-8.966000000000003,0,Get Lucky (feat. Pharrell Williams & Nile Rodgers) - Radio Edit,77,2013-04-19,0.038,116.047
12007,7,Борис,0.847,1982,0.0236,['Michael Jackson'],0.92,293827,0.654,0,5ChkMS8OtdzJeqyybCc9R5,0.0158,11,0.0359,-3.051,0,Billie Jean,83,1982-11-30,0.0401,117.046
68153,7,Борис,0.855,1985,0.00129,['The Velvet Underground'],0.565,201160,0.518,0,2U7ZghsBnEc4BYTGbZor4L,0.000361,10,0.204,-14.503,1,I Can't Stand It,38,1985-02-02,0.0289,130.16899999999998
16668,7,Борис,0.454,2005,0.633,['James Blunt'],0.675,209493,0.479,1,0vg4WnUWvze6pBOJDTq99k,1.76e-05,0,0.088,-9.87,0,You're Beautiful,77,2005-08-08,0.0278,81.99799999999998
13448,7,Борис,0.487,1989,0.0165,['Elton John'],0.7559999999999999,304133,0.422,0,0e3yhVeNaTfKIWQRw9U9sY,0.00183,11,0.0368,-12.967,0,Sacrifice,73,1989-08-29,0.0292,112.751
50689,7,Борис,0.496,1987,0.366,['Luis Miguel'],0.458,211307,0.57,0,5SnH7xubfdfvHomShSjiIe,1.41e-06,2,0.196,-9.902,1,Yo Que No Vivo Sin Ti,58,1987-07-15,0.0279,149.418
17836,7,Борис,0.243,2011,0.452,['AWOLNATION'],0.825,259102,0.435,0,5xhQChGGhKLWqBqX4XhtYE,0.609,1,0.0953,-9.582,1,Sail,76,2011,0.0568,119.038
19020,7,Борис,0.6659999999999999,2017,0.0622,['Imagine Dragons'],0.7759999999999999,204347,0.78,0,0pqnGHJpmpxLKifKRmU6WP,0.0,10,0.081,-4.374,0,Believer,87,2017-06-23,0.128,124.949
18689,7,Борис,0.5720000000000001,2015,0.0197,['Sia'],0.399,216120,0.787,0,2s1sdSqGcKxpPr5lCl7jAV,6.07e-05,1,0.0685,-2.88,1,Chandelier,70,2015-05-04,0.0499,117.089
17807,7,Борис,0.965,2011,0.145,['Foster The People'],0.733,239600,0.71,0,7w87IxuO7BDcJ3YUqCyMTT,0.115,5,0.0956,-5.849,0,Pumped Up Kicks,84,2011-05-23,0.0292,127.975
19045,7,Борис,0.222,2017,0.0275,['Harry Styles'],0.516,340707,0.595,0,5Ohxk2dO5COHF1krpoPigN,0.0,5,0.109,-4.63,1,Sign of the Times,83,2017-05-12,0.0313,119.972
18247,8,Yulia,0.861,2013,0.294,"['Ariana Grande', 'Mac Miller']",0.645,227027,0.877,0,06EL94D0TA27Ik0Ke5usbj,0.0,5,0.0759,-3.208,0,The Way,69,2013-01-01,0.113,82.324
18391,8,Yulia,0.347,2013,0.0572,"['Childish Gambino', 'Chance the Rapper']",0.593,219740,0.639,1,17wxjHNmOSstc6nVIe401T,0.0,5,0.0622,-7.558,0,I. The Worst Guys,64,2013-12-10,0.114,97.088
170386,8,Yulia,0.379,2019,0.0944,['Daya'],0.754,179746,0.653,0,7hzlzoOwCZ4D3Ow5YZK4kj,0.0,7,0.383,-5.095,1,Insomnia,69,2019-03-08,0.0611,123.084
15895,8,Yulia,0.304,2001,0.976,"['Gary Jules', 'Michael Andrews']",0.345,189507,0.0581,0,3JOVTQ5h8HGFnDdp4VT3MP,0.000366,3,0.103,-17.217,1,Mad World (Feat. Michael Andrews),70,2001-01-01,0.0374,174.11700000000005
15717,8,Yulia,0.36,2000,0.779,['Louis Armstrong'],0.723,181493,0.0811,0,5y8zb3grlQonjdqd27K39T,0.0,0,0.509,-14.113,1,A Kiss To Build A Dream On - Single Version,62,2000-01-01,0.0631,88.044
16284,8,Yulia,0.8140000000000001,2003,0.237,['Josh Turner'],0.537,250627,0.6990000000000001,0,2HqCaO7BV010qXS5FuiTED,2.27e-05,10,0.114,-6.615,1,Long Black Train,60,2003-01-01,0.0399,84.905
53356,8,Yulia,0.6659999999999999,2000,0.000647,['Lenny Kravitz'],0.691,257067,0.6859999999999999,0,21DyCPJqQ8tzFCHJYX9Koz,0.00456,7,0.106,-7.465,0,I Belong To You,58,2000,0.0493,87.31200000000004
70390,8,Yulia,0.217,1996,0.593,['Counting Crows'],0.5579999999999999,318200,0.499,0,09ykKBBGU8yF7ywWWKF9tb,1.0800000000000003e-05,9,0.0755,-8.182,1,Goodnight Elisabeth,44,1996-01-01,0.0384,80.178
98318,8,Yulia,0.758,1968,0.369,['The Byrds'],0.594,175467,0.381,0,38HgSsJxp64206oGeyLf0r,0.0,2,0.151,-10.728,1,The Christian Life - rehearsal - take #11,23,1968-08-30,0.0363,121.669
165886,8,Yulia,0.145,1996,0.922,['Enigma'],0.254,117973,0.208,0,35kyf1sus3TW7ot6wqqjun,0.613,4,0.634,-23.672,1,"Le Roi Est Mort, Vive Le Roi!",41,1996-01-01,0.0429,129.63
19586,8,Yulia,0.8029999999999999,2019,0.632,['Lil Tecca'],0.7190000000000001,117013,0.5379999999999999,1,4e0FYxSROat25pH16zMTZI,0.0,11,0.135,-6.897,0,Love Me,77,2019-08-30,0.28,204.132
17271,8,Yulia,0.5660000000000001,2008,0.267,['Akon'],0.8320000000000001,240747,0.87,0,1ARJhjuI6TNYZCxYygFQ4F,0.0,8,0.412,-4.2,0,Right Now (Na Na Na),66,2008-01-01,0.1669999999999999,138.003
18969,8,Yulia,0.225,2016,0.271,['Post Malone'],0.602,237147,0.635,1,4SYUUlkScpNR1QvPscXf8t,3.2e-05,4,0.0829,-6.526,0,Too Young,70,2016-12-09,0.052,123.05
73837,8,Yulia,0.563,2013,0.674,['The Head and the Heart'],0.638,268347,0.411,0,3QmzlL0tTtDgD1Hwfct68D,0.00357,9,0.106,-10.724,1,Let's Be Still,52,2013-10-15,0.0277,131.18
9548,8,Yulia,0.892,1969,0.758,['Johnny Cash'],0.685,225040,0.486,0,4VkgY55sUbfszX3XjS3LxW,0.0,10,0.716,-11.898,1,"A Boy Named Sue - Live at San Quentin State Prison, San Quentin, CA - February 1969",49,1969-06-05,0.3229999999999999,101.539
37179,8,Yulia,0.363,2013,0.046,['Gary Allan'],0.525,225640,0.693,0,6s3dgEQgen7G85NtYUTEbD,9.55e-06,0,0.247,-6.972,1,Every Storm (Runs Out Of Rain),60,2013,0.0327,107.012
74186,8,Yulia,0.369,2015,0.777,['Dawes'],0.4270000000000001,215360,0.396,0,0HOvoZ4m0aJp6vY4fVrI51,2e-06,7,0.102,-7.725,1,All Your Favorite Bands,57,2015-06-01,0.0304,133.131
74052,8,Yulia,0.312,2015,0.513,['Future'],0.758,188703,0.526,1,2ACys0pX0SjmpQmQWzp7wt,0.000457,5,0.0913,-10.81,0,Jersey,60,2015-09-20,0.255,146.054
74001,8,Yulia,0.317,2014,0.743,"['Future', 'Kanye West']",0.606,239733,0.66,1,2T4JE91t7Js1DJ4rSHltcQ,0.0,9,0.396,-5.787999999999999,1,I Won (feat. Kanye West),55,2014-04-22,0.258,83.74600000000002
18128,8,Yulia,0.502,2012,0.0512,['Jason Aldean'],0.496,232307,0.708,0,5ytc87gcx6dZ4nWRNykinV,1.06e-06,5,0.182,-5.175,1,Night Train,63,2012-10-16,0.0293,158.121
18122,8,Yulia,0.526,2012,0.000688,"['Justin Bieber', 'Nicki Minaj']",0.602,227987,0.843,0,190jyVPHYjAqEaOGmMzdyk,5.27e-05,0,0.0682,-4.831,1,Beauty And A Beat,72,2012-06-15,0.0593,128.003
18111,8,Yulia,0.425,2012,0.00446,"['Katy Perry', 'Snoop Dogg']",0.7909999999999999,234653,0.754,0,6tS3XVuOyu10897O3ae7bi,0.0,0,0.163,-3.729,1,California Gurls,73,2012-03-12,0.0569,125.014
18083,8,Yulia,0.273,2012,0.0373,['Tyga'],0.929,203200,0.339,1,0srwKuJPH8yBzzFUJMBQM2,1.96e-05,1,0.187,-10.880999999999998,1,Rack City,66,2012-01-01,0.371,98.986
18075,8,Yulia,0.235,2012,0.0543,['Miguel'],0.625,193147,0.5760000000000001,0,25cUhiAod71TIQSNicOaW3,4.07e-05,11,0.187,-5.693,0,Adorn,66,2012-09-28,0.175,179.063
17987,8,Yulia,0.197,2011,0.782,['Peggy Lee'],0.158,172493,0.172,0,6bzD7osAJvk4TATjt5VcLQ,4.69e-05,1,0.14,-17.089000000000002,0,The Christmas Waltz,63,2011-01-01,0.035,81.421
17920,8,Yulia,0.1689999999999999,2011,0.45,"['Justin Bieber', 'Usher']",0.5329999999999999,215160,0.436,0,3eYnKe0LhQA1B5HEkQaRTP,0.0,9,0.102,-9.542,0,The Christmas Song (Chestnuts Roasting On An Open Fire),68,2011-01-01,0.0289,103.477
17880,8,Yulia,0.345,2011,0.0165,['Jason Derulo'],0.6679999999999999,192200,0.718,0,4fINc8dnfcz7AdhFYVA4i7,0.0,1,0.104,-4.7360000000000015,0,It Girl,74,2011-09-16,0.0605,91.993
17672,8,Yulia,0.277,2010,0.0139,"['DJ Khaled', 'Ludacris', 'T-Pain', 'Snoop Dogg', 'Rick Ross']",0.545,232507,0.7809999999999999,1,12PNcnMsjsZ3eHm62t8hiy,0.0,10,0.161,-3.616,1,"All I Do Is Win (feat. T-Pain, Ludacris, Snoop Dogg & Rick Ross)",71,2010-03-02,0.185,150.097
14796,8,Yulia,0.636,1995,0.065,['The Rembrandts'],0.258,187293,0.919,0,1lfjTOtTRUDkzcmahA4lcs,0.0,9,0.279,-6.9270000000000005,1,"I'll Be There for You (Theme from ""Friends')",64,1995,0.0809,93.62
37276,8,Yulia,0.294,2013,0.00591,['Pretty Lights'],0.465,260571,0.7140000000000001,0,4n6z0yh2ZpoGh0RNyGVu52,0.624,11,0.16,-6.6110000000000015,0,One Day They'll Know (ODESZA Remix),57,2013-12-10,0.0317,140.026
15609,9,.,0.5429999999999999,2000,0.00664,['3 Doors Down'],0.545,233933,0.865,0,6ZOBP3NvffbU4SZcrnt1k6,1.1e-05,11,0.168,-5.7079999999999975,0,Kryptonite,78,2000,0.0286,99.009
15628,9,.,0.915,2000,0.0281,['OutKast'],0.725,240027,0.64,1,6glsMWIMIxQ4BedzLqGVi4,0.0,5,0.099,-7.905,0,"So Fresh, So Clean",68,2000-10-31,0.332,166.028
14412,9,.,0.147,1994,0.000217,['Soundgarden'],0.35,318587,0.828,0,2EoOZnxNgtmZaD8uUmz2nD,0.000161,6,0.0774,-5.3729999999999976,1,Black Hole Sun,76,1994-03-09,0.041,105.435
15239,9,.,0.74,1998,0.0564,['DMX'],0.88,214440,0.5770000000000001,1,1BKT2I9x4RGKaKqW4up34s,1.02e-06,10,0.201,-8.093,0,Ruff Ryders' Anthem,68,1998-05-01,0.302,90.991
15293,9,.,0.521,1998,0.000405,['The Flys'],0.47,242453,0.644,0,1xpd5XqLsrQDBa81ON2kOb,0.293,8,0.134,-6.721,1,Got You (Where I Want You),58,1998,0.0269,75.597
15285,9,.,0.584,1998,0.233,['Tyrese'],0.588,290600,0.522,0,1Dx8rIZaXzZPvUQRF2j9hB,0.0,9,0.24,-6.254,0,Sweet Lady,60,1998-08-31,0.0383,66.024
15809,9,.,0.6609999999999999,2001,0.00719,['Weezer'],0.654,200307,0.81,0,2MLHyLy5z5l5YRp7momlgw,0.00251,4,0.165,-6.26,0,Island In The Sun,76,2001-05-15,0.0288,114.623
16628,9,.,0.57,2005,0.119,['Chris Brown'],0.536,229040,0.612,0,7DFnq8FYhHMCylykf6ZCxA,0.0,4,0.209,-5.847,1,Yo (Excuse Me Miss),73,2005,0.272,86.76799999999999
17799,9,.,0.589,2010,0.563,['Mac Miller'],0.8,164632,0.569,1,29GefKRTSVW3ag4Xegm8jP,0.0,9,0.111,-5.104,0,Nikes On My Feet,64,2010-08-13,0.265,92.063
36745,9,.,0.4,2011,0.934,['Tyler Childers'],0.597,178160,0.172,0,0Uybrtb766jul6WpkjqbID,7.45e-06,7,0.102,-13.640999999999998,1,Hard Times,59,2011-10-11,0.0333,133.23
16917,9,.,0.329,2006,0.0241,"['E-40', 'T-Pain', 'Kandi Girl']",0.858,202720,0.484,1,7g7M96UGiA7OR79H86gV4m,1.8e-06,6,0.123,-7.447999999999999,0,U and Dat (feat. T. Pain & Kandi Girl),62,2006-03-14,0.277,99.992
16980,9,.,0.172,2006,5.1e-05,['Wolfmother'],0.219,176307,0.952,0,3CkjLJYnnyOtGk4Jx4iYS4,0.0989,2,0.157,-3.621,1,Woman,61,2006-01-01,0.176,112.886
108542,9,.,0.797,2019,0.0167,['Lizzo'],0.6940000000000001,184858,0.807,1,5I7sGubUsKo4mVJpBoSVUr,0.0,2,0.547,-3.1830000000000003,1,Like a Girl,64,2019-04-19,0.0888,144.031
123719,9,.,0.39,2014,0.00293,['AJR'],0.505,204517,0.917,0,4LimlSNYAlc5TMCi32Yuy8,0.00396,3,0.204,-4.435,1,AfterHours,49,2014-03-25,0.1639999999999999,124.953
16054,9,.,0.185,2002,0.0017,['Eminem'],0.6679999999999999,339547,0.8240000000000001,1,3CpoeW0cZSDzIRv5z34F87,3.05e-06,5,0.0426,-4.164,0,Sing For The Moment,71,2002-05-26,0.1369999999999999,163.96099999999996
169623,9,.,0.296,2015,0.81,['Brent Faiyaz'],0.331,338701,0.289,0,577z4YosBrUYhZXUPMdzwX,0.00014,2,0.121,-16.035,1,DSN,50,2015-07-21,0.0917,129.662
16615,9,.,0.659,2005,0.308,['Jack Johnson'],0.868,207680,0.347,0,4VywXu6umkIQ2OS0m1I79y,2e-05,5,0.11,-9.529,1,Better Together,71,2005-01-01,0.0536,110.059
72214,9,.,0.629,2005,0.738,['Kenny Chesney'],0.6729999999999999,256360,0.54,0,1hoE8b6uifBRZcWJPnlCSU,9.85e-06,7,0.0903,-10.972,1,Boston,46,2005-01-25,0.0455,165.831
35381,9,.,0.268,2004,0.000124,['Underoath'],0.45,262573,0.978,0,591vJuuep0gfPhx9p8WPD5,7.14e-06,9,0.361,-4.198,0,Reinventing Your Exit,56,2004-01-01,0.0637,155.014
121357,9,.,0.344,2002,0.000343,['The Reverend Horton Heat'],0.374,196800,0.976,0,10pk4wkRPNF86h4WVIz9p8,0.00048,11,0.701,-4.978,0,Galaxy 500,41,2002-02-26,0.136,157.953
15630,9,.,0.789,2000,0.0125,['Ray Parker Jr.'],0.779,240800,0.7170000000000001,0,300zfRaCgTmEm5Eqe3HqZZ,0.0536,6,0.355,-9.7,0,Ghostbusters,69,2000-02-08,0.0335,115.384
15633,9,.,0.275,2000,0.0632,['Lee Ann Womack'],0.385,294533,0.443,0,65B1tEOv5W294uCKbmEcFV,0.0,7,0.0898,-9.627,0,I Hope You Dance,66,2000-01-01,0.0295,151.278
15473,9,.,0.757,1999,0.151,"['The Roots', 'Tariq Trotter', 'Erykah Badu', 'Eve']",0.7290000000000001,259307,0.442,1,4pdLZsxq0y5oJDb6Cxlokw,0.0,11,0.189,-8.106,0,You Got Me,66,1999-02-23,0.285,81.029
74617,9,.,0.61,2017,0.565,['Benjamin Bratt'],0.446,109280,0.5870000000000001,0,4ljlAxfaEjO4Q4g9FMtVj4,0.000478,2,0.143,-6.634,1,Remember Me (Ernesto de la Cruz),63,2017-11-10,0.0413,128.908
18440,9,.,0.943,2014,0.0561,['Taylor Swift'],0.648,219200,0.785,0,5xTtaWoae3wi06K5WfVUUH,0.0,7,0.148,-5.414,1,Shake It Off,70,2014-10-27,0.165,160.02
17025,9,.,0.8029999999999999,2007,0.515,['Soulja Boy'],0.736,221933,0.74,0,66TRwr5uJwPt15mfFkzhbi,0.0,0,0.0468,-2.18,1,Crank That (Soulja Boy),75,2007-01-01,0.0786,140.141
18412,9,.,0.4370000000000001,2014,0.634,['Hozier'],0.5660000000000001,241693,0.664,0,1CS7Sd1u5tWkstBhpssyjP,0.0,4,0.116,-5.303,0,Take Me to Church,74,2014-09-19,0.0464,128.945
19021,9,.,0.877,2017,0.75,['Tyler Childers'],0.536,224947,0.574,1,2tgQaL85WoRfgEa4hFQgrE,0.00277,7,0.105,-6.705,1,Feathered Indians,75,2017-08-04,0.0254,87.194
18423,9,.,0.121,2014,0.0317,['Becky G'],0.6990000000000001,206167,0.529,0,3DmW6y7wTEYHJZlLo1r6XJ,3.59e-05,2,0.285,-7.547999999999999,1,Shower,81,2014-04-23,0.0487,119.987
17836,9,.,0.243,2011,0.452,['AWOLNATION'],0.825,259102,0.435,0,5xhQChGGhKLWqBqX4XhtYE,0.609,1,0.0953,-9.582,1,Sail,76,2011,0.0568,119.038
16001,10,Тимофей Цыкман,0.313,2001,0.0054,['Rammstein'],0.51,272440,0.917,0,4w3R0GZ2rScJMKlgPJzHRq,0.000133,4,0.396,-4.806,0,Sonne,60,2001-04-02,0.0854,75.098
54294,10,Тимофей Цыкман,0.574,2005,9.79e-05,['Avenged Sevenfold'],0.245,394467,0.961,1,39ZiU2QVBvDQzeepJjg8tp,0.00433,2,0.1639999999999999,-4.223,0,Blinded in Chains,58,2005-06-06,0.0852,96.0
11606,10,Тимофей Цыкман,0.763,1980,0.011,['AC/DC'],0.31,255493,0.7,0,08mG3Y1vljYA6bvDt4Wqkj,0.00965,9,0.0828,-5.678,1,Back In Black,84,1980-07-25,0.047,188.386
73727,10,Тимофей Цыкман,0.283,2013,0.0014,['Five Finger Death Punch'],0.523,245952,0.912,0,1aZZjgzJGwJVLXaAj20TWU,0.0,11,0.109,-3.816,0,M.I.N.E (End This Way),52,2013-07-30,0.0404,132.071
16396,10,Тимофей Цыкман,0.292,2003,7.04e-05,['Static-X'],0.428,171107,0.979,0,35ZmCVnfYRdK1iLGCxNhMa,0.0,1,0.129,-2.929,1,The Only,64,2003-10-07,0.225,104.84
15608,10,Тимофей Цыкман,0.4,2000,0.00958,['Linkin Park'],0.556,216880,0.8640000000000001,0,60a0Rd6pjrkxjPbaKzXjfq,0.0,3,0.209,-5.87,0,In the End,84,2000-10-24,0.0584,105.143
16430,10,Тимофей Цыкман,0.348,2004,0.0177,['Slipknot'],0.291,278600,0.974,0,6wqJeItl3Vc3az4ZicSQAB,5.44e-06,6,0.8859999999999999,-2.997,0,Before I Forget,75,2004,0.171,134.724
34974,10,Тимофей Цыкман,0.586,2002,0.000642,['Disturbed'],0.65,218973,0.914,0,3HGctlDltHdllOSTogGKhJ,1.23e-06,9,0.0251,-4.672,1,Prayer,57,2002-09-16,0.0716,99.107
121529,10,Тимофей Цыкман,0.653,2003,0.00487,['Element Eighty'],0.446,197933,0.947,0,2YnvR7uhlWpPdYUn1eR25y,1.3800000000000008e-05,1,0.0385,-2.983,0,Broken Promises,50,2003-01-01,0.1,173.625
72962,10,Тимофей Цыкман,0.616,2009,0.000481,['Billy Talent'],0.431,254613,0.858,0,0tzWCL2uhb2xQDWgG259nU,7.65e-06,7,0.385,-3.533,1,Rusted From the Rain,47,2009-09-22,0.0306,174.979
55253,10,Тимофей Цыкман,0.215,2010,0.00227,['The Pretty Reckless'],0.495,235653,0.905,0,2opyAm6zOyjR0An5LkblfN,3.29e-06,8,0.142,-3.768,1,Make Me Wanna Die,53,2010-01-01,0.0653,97.106
17290,10,Тимофей Цыкман,0.945,2008,0.0962,['Hollywood Undead'],0.82,210467,0.831,1,1czaCgWLWgqp0eRIZ0BcXh,0.0,5,0.181,-4.856,0,Everywhere I Go,64,2008-09-02,0.0315,110.048
106646,10,Тимофей Цыкман,0.267,2009,6.17e-05,['Korpiklaani'],0.353,179653,0.96,0,2k6dU3c2IBotzynOyevHJx,0.000371,7,0.926,-5.587999999999999,1,Vodka,57,2009-06-26,0.227,180.06099999999995
12520,10,Тимофей Цыкман,0.0851,1984,0.134,['Scorpions'],0.273,387000,0.39,0,7kjsCbksOZotNNHOvKsJJh,0.0017399999999999,8,0.183,-12.384,0,Still Loving You,60,1984-03-27,0.0317,103.955
15814,10,Тимофей Цыкман,0.481,2001,0.000264,['System Of A Down'],0.413,218933,0.873,0,0snQkGI5qnAmohLE7jTsTn,0.0025,8,0.204,-4.151,1,Toxicity,78,2001-09-04,0.0535,116.681
17291,10,Тимофей Цыкман,0.322,2008,0.00039,['Volbeat'],0.309,261813,0.919,0,1znGxpojJSjxZZEWA5zWva,0.000225,2,0.423,-3.131,1,Still Counting,71,2008,0.0609,103.891
15055,10,Тимофей Цыкман,0.555,1997,2.3e-05,['Metallica'],0.491,269733,0.951,0,1tTPC0hsnXq1IGpvWY54JC,0.00354,1,0.0424,-3.775,1,Fuel,61,1997-11-18,0.0465,106.948
15880,10,Тимофей Цыкман,0.5670000000000001,2001,0.00169,['Dope'],0.657,186067,0.96,1,5bU4KX47KqtDKKaLM4QCzh,0.000997,5,0.109,-3.524,0,Die MF Die,68,2001-12-06,0.07,126.02
122021,10,Тимофей Цыкман,0.124,2006,0.225,['Poets of the Fall'],0.4920000000000001,262947,0.59,0,2DtPEKs3Pj7E06EoWW4vw8,2.79e-05,5,0.0973,-4.593,0,Carnival of Rust,56,2006-04-12,0.0239,91.018
9611,10,Тимофей Цыкман,0.619,1970,0.013,['Led Zeppelin'],0.564,146250,0.932,0,78lgmZwycJ3nzsdgmPPGNx,0.1689999999999999,11,0.349,-10.068,1,Immigrant Song - Remaster,77,1970,0.0554,112.937
167392,10,Тимофей Цыкман,0.449,2004,1.78e-06,['Finntroll'],0.43,208680,0.934,0,4VCorAVM6wDkBp5MTZkV3A,0.502,0,0.355,-6.107,1,Trollhammaren,51,2004,0.0862,94.99
152458,10,Тимофей Цыкман,0.0803,2004,0.000328,['In Flames'],0.509,278653,0.959,0,0CBdCjnx3MY81m1XProC0S,0.8320000000000001,10,0.237,-5.577999999999999,0,My Sweet Shadow,49,2004,0.0694,119.782
9624,10,Тимофей Цыкман,0.413,1970,0.222,['Black Sabbath'],0.332,474360,0.623,0,2rd9ETlulTbz6BYZcdvIE1,0.000895,9,0.278,-12.363,1,War Pigs / Luke's Wall - 2012 - Remaster,65,1970-09-18,0.08,183.097
17417,10,Тимофей Цыкман,0.6920000000000001,2009,0.0431,['Skillet'],0.64,178013,0.957,0,2UREu1Y8CO4jXkbvqAtP7g,0.0,8,0.0789,-2.336,1,Monster,76,2009-08-21,0.0741,134.99200000000002
18093,10,Тимофей Цыкман,0.448,2012,0.00378,['Thousand Foot Krutch'],0.532,236907,0.633,0,4iWYPj04kHXcZK0st5yzZf,0.0,11,0.0804,-5.106,0,Courtesy Call,71,2012-04-17,0.0682,164.13
13806,10,Тимофей Цыкман,0.72,1991,2.55e-05,['Nirvana'],0.502,301920,0.912,0,5ghIJDpPoe3CfHMGu71E6T,0.000173,1,0.106,-4.556,1,Smells Like Teen Spirit,75,1991-09-26,0.0564,116.761
120716,10,Тимофей Цыкман,0.271,1999,0.0013,['Children Of Bodom'],0.443,273707,0.951,0,42kcPmx3bxMU9si9HE4rgr,0.887,3,0.152,-3.742,1,Downfall,49,1999-05-04,0.0541,99.472
36715,10,Тимофей Цыкман,0.59,2010,0.000699,['Sabaton'],0.4370000000000001,250720,0.748,0,5DbAOJ5dYW5A9xBhkeb33t,3.11e-06,6,0.222,-6.349,0,Primo Victoria,66,2010-09-24,0.031,62.111
91111,10,Тимофей Цыкман,0.441,2014,9.66e-05,['Nonpoint'],0.508,174547,0.926,0,3uleUeZ5eyYCNGiwcc1Exp,0.019,5,0.269,-2.652,0,Breaking Skin,55,2014-09-30,0.0487,104.937
11933,10,Тимофей Цыкман,0.7709999999999999,1981,0.0444,['Queen'],0.922,215933,0.392,0,5HkFTCxSeJ3kGNyQJbT4rJ,0.165,5,0.123,-12.083,0,Another One Bites The Dust,48,1981-10-26,0.122,109.878
